timestamp,temperature,pressure,vibration
2023-01-01 00:00:00,87.64052345967664,32.77981339854899,3.467078946569872
2023-01-01 01:00:00,74.00157208367223,34.46236943665765,3.2880298359057787
2023-01-01 02:00:00,79.78737984105739,27.888425879373646,5.046135058955685
2023-01-01 03:00:00,92.40893199201457,30.52357014716642,4.041625519773438
2023-01-01 04:00:00,88.67557990149967,31.140266625620335,4.919188387056259
2023-01-01 05:00:00,60.22722120123589,31.007399733522163,4.296140964009553
2023-01-01 06:00:00,79.50088417525589,32.70386792650195,4.229215699293435
2023-01-01 07:00:00,68.48642791702302,20.90961184808215,4.51915465912727
2023-01-01 08:00:00,68.96781148206442,29.753379649262136,5.7035855546433885
2023-01-01 09:00:00,74.10598501938372,31.195168006233825,5.929145147768691
2023-01-01 10:00:00,71.44043571160879,24.998348255231473,5.371172552649039
2023-01-01 11:00:00,84.54273506962976,38.369928535053546,4.010177450452881
2023-01-01 12:00:00,77.61037725146994,30.80779633619084,5.643631275453338
2023-01-01 13:00:00,71.21675016492829,37.81702372514465,5.688896666607932
2023-01-01 14:00:00,74.43863232745426,26.047384890834614,5.274647203612444
2023-01-01 15:00:00,73.33674327374267,25.463499392373365,4.39637956398091
2023-01-01 16:00:00,84.94079073157606,31.12126110482841,5.70885957536714
2023-01-01 17:00:00,67.94841736234198,21.606558185856716,5.422818574676661
2023-01-01 18:00:00,73.13067701650901,31.074827953130466,1.883143408400874
2023-01-01 19:00:00,61.45904260698275,30.48609616001459,5.644452033411042
2023-01-01 20:00:00,44.470101841659215,35.078326407710506,3.086257329138493
2023-01-01 21:00:00,76.5361859544036,33.505206705825486,5.663561576591381
2023-01-01 22:00:00,78.64436198859505,27.91261325057483,4.8459276015751644
2023-01-01 23:00:00,62.57834979593558,24.512516726148775,6.193611680749198
2023-01-02 00:00:00,92.69754623987608,38.561526106716485,4.90183878879407
2023-01-02 01:00:00,55.45634325401235,26.03942489717425,4.113385739943888
2023-01-02 02:00:00,70.45758517301446,24.77237721465267,4.852646335417156
2023-01-02 03:00:00,68.12816149974167,24.575719702692773,6.059806294933774
2023-01-02 04:00:00,85.32779214358457,35.58652657768332,5.026246617861587
2023-01-02 05:00:00,84.69358769900285,27.40549897787574,4.885664840127623
2023-01-02 06:00:00,71.54947425696916,26.231477669096996,5.743553515508337
2023-01-02 07:00:00,73.78162519602174,30.688449129516737,5.210359366629813
2023-01-02 08:00:00,61.12214252369887,28.965276447213544,4.994072594166768
2023-01-02 09:00:00,50.19203531776073,26.609522696068765,6.366060068403332
2023-01-02 10:00:00,66.52087850673847,33.769957334892396,6.555114032059068
2023-01-02 11:00:00,71.5634896910398,35.32657746048997,5.613326226328701
2023-01-02 12:00:00,82.30290680727721,34.92658754469933,4.714040848514827
2023-01-02 13:00:00,82.02379848784412,33.834598348305995,6.496910993520827
2023-01-02 14:00:00,66.12673182592047,32.01312765565017,6.1831195573317075
2023-01-02 15:00:00,66.97697249424664,21.120560000190856,5.718897165528292
2023-01-02 16:00:00,59.51447034932907,38.34625403188484,3.783923419254139
2023-01-02 17:00:00,55.79982062821025,31.509946051787765,5.140671903307961
2023-01-02 18:00:00,52.937298093749874,33.04078213800321,4.256327825299127
2023-01-02 19:00:00,89.5077539523179,35.57481161473701,4.840987748445641
2023-01-02 20:00:00,64.90347818248347,37.16676251440996,5.240056929296719
2023-01-02 21:00:00,65.61925698388814,32.09199005654596,5.100159408090623
2023-01-02 22:00:00,57.47204639950074,32.177730796478265,4.524824894170751
2023-01-02 23:00:00,77.7749035583191,27.003878612701403,6.27295374891991
2023-01-03 00:00:00,53.86102152442049,30.165448755693802,3.303868733168457
2023-01-03 01:00:00,67.87259719786032,25.729193695928227,5.730183531129614
2023-01-03 02:00:00,61.045334388063246,26.400297339290525,3.142516728405462
2023-01-03 03:00:00,73.86902497859262,25.532127988429043,5.3825981367234625
2023-01-03 04:00:00,64.89194862431127,29.219880545013563,4.113095673716124
2023-01-03 05:00:00,58.19367815877588,35.24546593960005,5.878303757732531
2023-01-03 06:00:00,69.71817771661345,45.8548738664509,5.086452524007593
2023-01-03 07:00:00,74.28331870530418,30.947498187739566,5.247706378466824
2023-01-03 08:00:00,70.66517222383168,23.2579345612194,3.9817206744331486
2023-01-03 09:00:00,73.02471897739781,36.32491664928128,4.345429865002416
2023-01-03 10:00:00,63.65677906319036,28.496080617619864,5.207217393410954
2023-01-03 11:00:00,66.37258834012862,26.69695703011504,5.583569926909304
2023-01-03 12:00:00,63.27539552224049,31.049247389615278,7.929096241763862
2023-01-03 13:00:00,66.4044683845946,23.796877002218864,5.222858323103487
2023-01-03 14:00:00,61.86853717955546,31.112315820043033,5.976037525368926
2023-01-03 15:00:00,52.73717397668323,29.558122384004225,3.443066067490739
2023-01-03 16:00:00,71.77426142253753,30.491889534077377,3.6701081386659373
2023-01-03 17:00:00,65.98219063791738,31.907081271045854,4.644505225391548
2023-01-03 18:00:00,53.69801653033956,30.337461286204032,3.8025723043614335
2023-01-03 19:00:00,74.62782255525774,30.081690420564463,6.486399253466384
2023-01-03 20:00:00,60.92701635616758,31.421572594989723,4.589781307219671
2023-01-03 21:00:00,70.51945395796139,32.07700313085564,6.382181888393139
2023-01-03 22:00:00,77.29090562177537,24.842587698423714,6.486782474085631
2023-01-03 23:00:00,71.2898291075741,22.85004370657276,5.042779719883567
2023-01-04 00:00:00,81.39400684543301,29.691809739138925,5.501799753807639
2023-01-04 01:00:00,57.651741796463476,22.83632255032946,4.943900526659097
2023-01-04 02:00:00,74.02341641177549,30.437657354608355,5.538437000354539
2023-01-04 03:00:00,63.15189909059687,34.69373437841155,5.483341851780572
2023-01-04 04:00:00,61.29202850818118,33.03555835958023,4.876350374107969
2023-01-04 05:00:00,64.21150335235585,24.759147965872636,5.504969981462841
2023-01-04 06:00:00,66.88447467872628,25.698687740212407,6.723696275667262
2023-01-04 07:00:00,70.56165342229745,31.641506475003776,5.713016229710938
2023-01-04 08:00:00,58.348501592166436,27.99351097433245,5.325799613640625
2023-01-04 09:00:00,79.00826486954188,28.416723524739467,5.124769521043213
2023-01-04 10:00:00,74.6566243973046,32.98453240623977,3.9873268762314087
2023-01-04 11:00:00,54.63756313722776,25.06356653271174,3.9727031229245373
2023-01-04 12:00:00,84.882521937956,27.99382645044409,5.3233565314802584
2023-01-04 13:00:00,88.95889176030583,25.999587619576992,3.6306088759528428
2023-01-04 14:00:00,81.7877957115965,24.784352509823222,4.233672401036417
2023-01-04 15:00:00,68.2007516418765,25.71460905664418,6.281511340364133
2023-01-04 16:00:00,59.292473784894575,33.387310846732056,6.914229697062814
2023-01-04 17:00:00,80.54451726931137,30.25910194741211,3.3340439232022816
2023-01-04 18:00:00,65.9682305302682,25.604196855824625,6.626649562301582
2023-01-04 19:00:00,82.22445070382427,28.84449196203502,4.788561709154443
2023-01-04 20:00:00,72.08274978076861,21.80596346438911,4.984994912968635
2023-01-04 21:00:00,79.76639036483712,26.333435962081673,4.886588369357266
2023-01-04 22:00:00,73.56366397174402,40.747872674336435,6.080544127025487
2023-01-04 23:00:00,77.06573168191949,29.54878075167125,3.392323420956823
2023-01-05 00:00:00,70.1050002072082,33.65829463515196,5.456163611355134
2023-01-05 01:00:00,87.85870493905836,29.672558124277586,4.055129802611989
2023-01-05 02:00:00,71.2691209270362,31.740846176209043,5.5707885293815735
2023-01-05 03:00:00,74.01989363444702,33.31629044839587,6.542796338293051
2023-01-05 04:00:00,88.83150697056254,24.476917012367647,4.99958267358738
2023-01-05 05:00:00,56.52240938857554,29.845318713630206,5.374155085970803
2023-01-05 06:00:00,57.29515001514267,37.89432597208244,5.409551778237692
2023-01-05 07:00:00,79.69396708158011,26.022497249733544,4.20040650032951
2023-01-05 08:00:00,58.2687659488584,27.167800731338904,6.511639349884319
2023-01-05 09:00:00,89.43621185649292,28.46154361316499,6.706468247260989
2023-01-05 10:00:00,65.86381019240252,31.345120365881233,5.7017833721170295
2023-01-05 11:00:00,62.525451885592425,32.62458931822941,5.073285432007645
2023-01-05 12:00:00,89.22942026480385,36.33705827409328,4.538106184645716
2023-01-05 13:00:00,84.80514791434425,32.4974911673433,4.373509776850913
2023-01-05 14:00:00,88.6755896042657,29.68973437100833,6.710836582546656
2023-01-05 15:00:00,79.06044658275385,36.295835648054066,6.414415042729024
2023-01-05 16:00:00,61.38774314945297,33.52055511070791,4.936338511210451
2023-01-05 17:00:00,89.10064953099034,22.52160241871492,3.420069470328876
2023-01-05 18:00:00,67.31996629048619,42.63184120177999,2.167988130091013
2023-01-05 19:00:00,78.02456395796395,38.84960694098367,3.91657333973572
2023-01-05 20:00:00,79.47251967773748,29.15892888616463,4.86937960400488
2023-01-05 21:00:00,68.44989906909166,31.889550508692373,6.400689034443001
2023-01-05 22:00:00,76.1407937034608,36.6217937499792,4.348343790942219
2023-01-05 23:00:00,79.22206671566526,29.138996036515586,5.504815456340502
2023-01-06 00:00:00,73.7642553115563,33.6517589518851,6.303180961648432
2023-01-06 01:00:00,59.00599209415805,35.52289236785738,5.1285363168560485
2023-01-06 02:00:00,72.98238174206055,24.925870461327797,4.8575521312111585
2023-01-06 03:00:00,83.2638589668703,26.98834073208569,3.691236485761392
2023-01-06 04:00:00,63.05432140268635,34.6070419890529,3.797524691795567
2023-01-06 05:00:00,68.5036545967233,32.30407238574415,5.416099634415823
2023-01-06 06:00:00,65.64846448278362,34.618982801569736,4.799092466799073
2023-01-06 07:00:00,88.49263728479342,29.33715992673141,5.122531317653301
2023-01-06 08:00:00,76.72294757012435,28.554973945228834,4.952722284303753
2023-01-06 09:00:00,74.0746183624111,20.006802622083136,5.664144049358651
2023-01-06 10:00:00,62.30083925554683,24.269997867462784,4.215312588570555
2023-01-06 11:00:00,75.39249191291817,30.235330473292468,4.6644193564168335
2023-01-06 12:00:00,63.25667339342624,34.122786097821184,6.896182228633144
2023-01-06 13:00:00,70.3183055827435,32.65589183267848,4.2002138616142295
2023-01-06 14:00:00,63.64153921621119,29.35879012986149,4.718424569199898
2023-01-06 15:00:00,76.764332949465,28.641142167546516,4.41061329802143
2023-01-06 16:00:00,75.76590816614942,31.085898163191402,5.44478136240725
2023-01-06 17:00:00,67.91701244422005,30.39105590546076,6.0223923224420695
2023-01-06 18:00:00,73.96006712661645,37.02272757469856,4.50178838141389
2023-01-06 19:00:00,59.06938491269494,30.73220385239125,4.568585658895315
2023-01-06 20:00:00,55.087424072943946,22.593770189013508,4.721018394696969
2023-01-06 21:00:00,74.39391701264537,23.637209324838416,5.529833783474958
2023-01-06 22:00:00,71.6667349537253,37.5937966848179,4.260604697489804
2023-01-06 23:00:00,76.35031436892106,24.1441976927496,4.624040034028741
2023-01-07 00:00:00,93.83144774863942,33.822487265167666,2.6278061284869847
2023-01-07 01:00:00,79.44479486990414,28.658136323953094,3.6182549905050148
2023-01-07 02:00:00,60.87177774555842,29.151208530487573,4.887556243980712
2023-01-07 03:00:00,81.17016288095853,29.329336086157898,5.897864173203121
2023-01-07 04:00:00,56.84092589488479,36.10692479729599,5.295075783301862
2023-01-07 05:00:00,65.38415395185291,29.035790857280176,3.9012315433327007
2023-01-07 06:00:00,69.31758394675369,29.833403585774235,3.599743791872058
2023-01-07 07:00:00,87.13342721649366,22.345982513002536,5.174680092898169
2023-01-07 08:00:00,62.5524517795156,31.033452558540016,3.3471963577471566
2023-01-07 09:00:00,61.73561461340986,32.655212534890296,6.065926818716889
2023-01-07 10:00:00,69.01547475574567,31.195727903268935,5.063896191650178
2023-01-07 11:00:00,63.365217136378924,36.98948130543368,3.392679840765942
2023-01-07 12:00:00,81.26635922106507,30.275856773901157,4.0340461411581305
2023-01-07 13:00:00,59.200684916365766,31.494887280595087,4.275688680768877
2023-01-07 14:00:00,58.52531347588898,38.2425200513409,4.2268074897765615
2023-01-07 15:00:00,65.62179955255566,22.24992905320926,3.5100669917785075
2023-01-07 16:00:00,65.01967549307695,27.720873261003156,4.125337478011155
2023-01-07 17:00:00,89.29532053816986,37.13079376009633,4.315598443859574
2023-01-07 18:00:00,79.49420806925761,34.68064574155541,4.288714244389562
2023-01-07 19:00:00,70.87551241385191,33.39190049420235,6.127956624933381
2023-01-07 20:00:00,57.74564481169832,34.16325369732239,5.104827802827215
2023-01-07 21:00:00,78.44362976401547,31.63533104560511,4.006742782562448
2023-01-07 22:00:00,59.997846526104354,38.15798713766136,4.665378394045878
2023-01-07 23:00:00,54.55228903222388,31.88879584865359,4.120442902688616
2023-01-08 00:00:00,81.88029792352302,31.199335529476393,4.699993340988243
2023-01-08 01:00:00,73.1694261192485,30.794793370628216,5.875509153141383
2023-01-08 02:00:00,79.20858823780819,30.964319777751932,5.252270780612125
2023-01-08 03:00:00,73.1872765294302,24.21491359592066,7.285601181528067
2023-01-08 04:00:00,78.56830611902691,33.853365272316715,5.37592742576748
2023-01-08 05:00:00,63.48974406699853,29.347801331083364,4.0864054900228926
2023-01-08 06:00:00,59.657571582155356,39.10957548930203,5.809740730814448
2023-01-08 07:00:00,76.81594518281626,29.621747647057887,6.079931217142535
2023-01-08 08:00:00,61.965903358261585,32.104591420878286,6.094166991443943
2023-01-08 09:00:00,63.10450222249799,31.233010931306673,3.9057590469649086
2023-01-08 10:00:00,65.44467496482658,26.872214824453735,4.852362585485163
2023-01-08 11:00:00,70.17479159025056,34.96068414259253,6.131811956828453
2023-01-08 12:00:00,66.46006088746516,39.52531820280009,3.315271041126059
2023-01-08 13:00:00,56.25048706581981,29.926113901700777,4.500583238977962
2023-01-08 14:00:00,63.5638159716711,28.497606072072887,3.5730623145730087
2023-01-08 15:00:00,47.765968477755735,28.22485634472313,4.0674297701029865
2023-01-08 16:00:00,76.25231451027187,20.538190533413292,3.9875428472561936
2023-01-08 17:00:00,53.979423443932525,29.110934281484937,6.250569832543435
2023-01-08 18:00:00,58.956166605715495,31.25499058004162,4.76546196509125
2023-01-08 19:00:00,70.52165079260975,35.273789625901415,4.136644418658218
2023-01-08 20:00:00,62.60437003608687,34.80023870574964,3.9643942686155054
2023-01-08 21:00:00,85.43014595406736,27.917504587816538,5.141667164871531
2023-01-08 22:00:00,57.07143090276551,28.61588502613056,4.988864372659333
2023-01-08 23:00:00,72.67050869349183,35.61952652807219,6.344074374673427
2023-01-09 00:00:00,69.60717181772505,29.132680514635606,5.500016695857303
2023-01-09 01:00:00,58.31906502258803,27.449852301221917,3.5682022219349623
2023-01-09 02:00:00,75.23276660531754,36.96259224717136,4.371019292408731
2023-01-09 03:00:00,68.28453668777752,35.18792833525317,6.070072512070977
2023-01-09 04:00:00,77.71790551213667,30.09395895887129,4.378917302298623
2023-01-09 05:00:00,78.23504153963731,27.031112761106662,6.734572174923709
2023-01-09 06:00:00,91.6323594928069,19.940598403776455,3.901710568675253
2023-01-09 07:00:00,83.36527949436392,32.94851802787362,5.57261335304079
2023-01-09 08:00:00,66.30818162057557,25.5181513872391,4.138784446601359
2023-01-09 09:00:00,67.60620822424073,20.18633995429624,4.490404867053643
2023-01-09 10:00:00,80.99659595887113,37.92410263674509,6.098581648231146
2023-01-09 11:00:00,76.55263730722598,33.23983895504944,4.872932837161483
2023-01-09 12:00:00,76.40131526097592,24.304959034415173,5.813452245114107
2023-01-09 13:00:00,53.830439556891655,23.927993085203703,5.4732905949148
2023-01-09 14:00:00,69.75673875601065,34.3548089108581,5.753865683562301
2023-01-09 15:00:00,62.61969090794311,25.610146917320648,4.111811788914487
2023-01-09 16:00:00,72.79924599043238,36.480749337639416,4.778425601795999
2023-01-09 17:00:00,69.01849610357041,33.082296563130775,5.42425261810087
2023-01-09 18:00:00,79.10178908092593,32.682982602834116,4.15092712730634
2023-01-09 19:00:00,73.17218215191302,32.0234772780715,6.629500043232328
2023-01-09 20:00:00,77.86327962108976,30.95725436011956,4.2227719578448655
2023-01-09 21:00:00,65.33580903264057,34.40255599588555,4.699996423062204
2023-01-09 22:00:00,60.555537440817496,27.729598187421974,3.9934409352057623
2023-01-09 23:00:00,65.89950306797452,30.429759867171924,2.8566919347613116
2023-01-10 00:00:00,69.82979586138559,33.75973293838598,6.796918522574928
2023-01-10 01:00:00,73.79151735555082,32.81494859293064,4.7956610630969525
2023-01-10 02:00:00,92.59308950690851,24.025065973656698,4.5520851615844595
2023-01-10 03:00:00,69.57742848339358,27.49795166347868,4.801284938329202
2023-01-10 04:00:00,60.44054999507223,31.264017527095774,6.419863972196436
2023-01-10 05:00:00,66.54018224300614,27.959926454800517,4.034893391935583
2023-01-10 06:00:00,65.36404025353906,38.873292804866665,5.679567865765082
2023-01-10 07:00:00,74.81481473773462,28.034234026229434,4.576211751450524
2023-01-10 08:00:00,54.592029855553754,29.188907762116546,4.40332914446169
2023-01-10 09:00:00,70.63261994200332,33.84715089088652,5.567058212520182
2023-01-10 10:00:00,71.56506537965376,31.65266371617458,5.988240573742697
2023-01-10 11:00:00,72.32181036200276,29.273627713976154,4.486097049720085
2023-01-10 12:00:00,64.02683931034638,26.21753235559626,4.23115084032519
2023-01-10 13:00:00,67.62078270263993,31.50757028698383,3.830904252677973
2023-01-10 14:00:00,55.75939091017469,35.19548220189196,6.103503766728376
2023-01-10 15:00:00,65.06680116637806,32.39547612049114,4.424744005193882
2023-01-10 16:00:00,64.57138523983282,26.10908239271939,3.150869272724549
2023-01-10 17:00:00,74.16050046261425,38.68387478488356,6.409952138396147
2023-01-10 18:00:00,58.438175681780876,22.76711054982053,3.6301404980470577
2023-01-10 19:00:00,77.81198101709994,22.086571790986056,5.779460531259062
2023-01-10 20:00:00,84.94484544491368,34.80278612228614,5.183428646667525
2023-01-10 21:00:00,49.30014974986467,31.12920239301345,5.287915432215279
2023-01-10 22:00:00,74.262587307781,27.2525072684798,4.415624724688678
2023-01-10 23:00:00,76.76908035030246,24.507146362223352,5.365591460224636
2023-01-11 00:00:00,63.625629744477706,41.60399919640149,3.332220107115763
2023-01-11 01:00:00,66.02728185671202,30.58545436077721,5.588037748739813
2023-01-11 02:00:00,68.67119422413045,32.67100585422886,6.55701004153216
2023-01-11 03:00:00,67.02209120598272,31.58942548619091,5.8840271974263265
2023-01-11 04:00:00,66.90987030952878,32.17403978865579,2.9804599146132786
2023-01-11 05:00:00,53.23996193670023,32.70047230262403,4.0157909977271515
2023-01-11 06:00:00,81.5233156478312,33.66212004877438,4.812205078025193
2023-01-11 07:00:00,80.79618592036822,28.123887996196636,5.486937304939933
2023-01-11 08:00:00,61.86635740795797,28.54179006824078,4.893347326339775
2023-01-11 09:00:00,55.33575672197486,21.29488595820549,4.5067856128895025
2023-01-11 10:00:00,75.21064876452759,26.098477967492304,5.595300307692293
2023-01-11 11:00:00,64.24212030186933,31.355563982233573,6.1641517662249665
2023-01-11 12:00:00,71.4195316332078,35.22511687751345,4.7677059928134025
2023-01-11 13:00:00,66.80671582854904,32.99519763188092,5.728929867385239
2023-01-11 14:00:00,76.91538751070186,28.29653828061035,2.4209492548105254
2023-01-11 15:00:00,76.94749143656006,23.684135439574227,4.062490613891271
2023-01-11 16:00:00,62.74402621536416,16.113204272862834,4.678741062941991
2023-01-11 17:00:00,56.166360446049445,35.758669873904,4.511433779245374
2023-01-11 18:00:00,54.170616026649185,27.053855067449252,5.332798217404455
2023-01-11 19:00:00,76.10379379107205,27.757674968979703,6.013750547498261
2023-01-11 20:00:00,58.111407422159715,30.657869839540343,5.506669026028389
2023-01-11 21:00:00,64.93183645701312,22.97219976304055,4.377774528244944
2023-01-11 22:00:00,64.03685961549492,28.251089099442314,3.477231909495814
2023-01-11 23:00:00,69.47432703730453,40.11735974884987,5.556964120578887
2023-01-12 00:00:00,50.637201941534926,32.52693469288671,3.161823260329988
2023-01-12 01:00:00,71.88778596793829,31.796245782567283,5.653037283406428
2023-01-12 02:00:00,75.23891023834206,22.087527610091207,4.811550917869932
2023-01-12 03:00:00,70.88422087044661,41.2180094729132,3.824165012061771
2023-01-12 04:00:00,66.89113828301528,22.886025456868285,5.287257312466792
2023-01-12 05:00:00,70.97400166268784,39.61162377722199,4.997123897340999
2023-01-12 06:00:00,73.9904634564013,19.424719924060962,4.963402707083753
2023-01-12 07:00:00,42.2740724357335,37.026827193622104,4.915776703472606
2023-01-12 08:00:00,89.55912308250694,38.09027134500113,5.419524108426142
2023-01-12 09:00:00,73.90093322687926,25.877954393360827,5.924434021958509
2023-01-12 10:00:00,63.4759141761298,32.11290186136441,5.496615198483852
2023-01-12 11:00:00,66.09046624812399,32.737402860523325,6.012133189822309
2023-01-12 12:00:00,74.93741777349189,25.93102758384347,4.9558602811521935
2023-01-12 13:00:00,68.83896060965634,22.754411946315347,6.618459324231974
2023-01-12 14:00:00,49.693155322185056,23.411413284296174,5.571109822129823
2023-01-12 15:00:00,90.6449286135932,32.70504109979904,4.456305970317223
2023-01-12 16:00:00,68.89459342767528,29.57442198740297,3.906104943265595
2023-01-12 17:00:00,80.201727117158,27.178494833489196,5.20579680373408
2023-01-12 18:00:00,63.079501522156086,34.8338400558323,3.693478477077399
2023-01-12 19:00:00,85.36377054245798,32.54033954695739,4.026624032443252
2023-01-12 20:00:00,72.86343688892279,26.222686368171832,5.239087080373599
2023-01-12 21:00:00,76.08843834475451,23.993992404913055,4.392112553718046
2023-01-12 22:00:00,59.547466338530455,32.61630869344039,4.066683759773078
2023-01-12 23:00:00,82.111452896827,27.312083157209692,4.9655249539116015
2023-01-13 00:00:00,76.89818164534789,30.49602431265751,5.07267789910379
2023-01-13 01:00:00,83.01846229564998,37.881494863138585,4.794165974781262
2023-01-13 02:00:00,63.71912440358421,32.5116412003739,4.622453080940711
2023-01-13 03:00:00,65.18972881539213,25.688665001233815,5.854642728712449
2023-01-13 04:00:00,93.03916697683943,30.803305949098863,5.342427351286828
2023-01-13 05:00:00,59.39984177278453,25.236775235923062,4.776573887805304
2023-01-13 06:00:00,68.64050299321678,38.04261077974362,7.464321933515365
2023-01-13 07:00:00,81.36891362602695,27.192106251983894,5.193831736928413
2023-01-13 08:00:00,70.97724967714855,31.036353734868094,6.13200513367733
2023-01-13 09:00:00,75.82953679753294,31.53866287339716,4.439018996868244
2023-01-13 10:00:00,66.00550970737125,30.796252341868513,3.63705905279199
2023-01-13 11:00:00,73.70055887847519,20.207255224317308,4.208243484356536
2023-01-13 12:00:00,56.93473148264683,22.76789468008336,4.731990216601888
2023-01-13 13:00:00,86.58130679618188,27.738248622154543,4.5033917902704825
2023-01-13 14:00:00,68.8183595487143,31.597159166657654,6.336386182322793
2023-01-13 15:00:00,63.1982179600315,29.311103928571146,4.879958877903892
2023-01-13 16:00:00,76.66383082031915,25.214262634244918,5.46146887744114
2023-01-13 17:00:00,65.39280212611446,23.257878404391494,4.953518843967109
2023-01-13 18:00:00,56.65741528597246,27.99221227750328,4.566445667266833
2023-01-13 19:00:00,56.53282494202445,27.657619776601386,5.037996013453515
2023-01-13 20:00:00,76.93773152690133,32.56418228796378,6.714051469770732
2023-01-13 21:00:00,68.40426561853734,28.36840768920841,4.232051408263185
2023-01-13 22:00:00,68.6629844033156,33.01353828214665,5.766990450559551
2023-01-13 23:00:00,80.77743805976263,27.026751151397974,3.973992748374218
2023-01-14 00:00:00,58.73174191243257,28.720211653928658,4.540373557730561
2023-01-14 01:00:00,62.69322247135175,28.259768101786904,5.003583205954584
2023-01-14 02:00:00,66.15120190818725,26.088165165489553,5.326375089726991
2023-01-14 03:00:00,70.94351589317074,33.12559328216865,6.483128627973814
2023-01-14 04:00:00,69.5782854870942,25.932020014527467,4.9499173585354646
2023-01-14 05:00:00,67.13112807610092,27.391792450146905,4.156384393464074
2023-01-14 06:00:00,69.38373597904352,29.634401770259014,5.65004197305077
2023-01-14 07:00:00,68.92694723708826,23.5131017202163,4.635830191084244
2023-01-14 08:00:00,62.80395611448207,28.375325208397506,5.238681570931836
2023-01-14 09:00:00,61.870070114459224,26.44346820128606,4.883777560462248
2023-01-14 10:00:00,72.7451635772394,28.059229037588754,3.0565431487131773
2023-01-14 11:00:00,61.09084917004472,29.700359986644546,5.508299185593973
2023-01-14 12:00:00,58.42644740809146,26.000431884296678,5.583368006821299
2023-01-14 13:00:00,66.87707748874307,28.899621100898223,5.926604768308605
2023-01-14 14:00:00,68.42332983836184,36.543343761760894,6.800462762460228
2023-01-14 15:00:00,92.56723497298209,29.871007208727566,3.804896226536524
2023-01-14 16:00:00,62.952997241437664,35.726310865096124,5.51650744428176
2023-01-14 17:00:00,79.43260724969495,31.732472210033805,5.409294996640956
2023-01-14 18:00:00,77.47188334204631,33.87080304909408,4.580918007192178
2023-01-14 19:00:00,58.11055044796264,26.127705156145872,5.397106236449779
2023-01-14 20:00:00,77.73252977402599,30.524535825427563,5.499646955111966
2023-01-14 21:00:00,58.16119359806682,30.66956461307738,3.7813161700228033
2023-01-14 22:00:00,43.40827762003259,26.93687130562532,5.2462227612764325
2023-01-14 23:00:00,76.06319524359381,25.885858378528592,4.082015693995384
2023-01-15 00:00:00,52.44109416562281,22.548673060463507,4.348143500069409
2023-01-15 01:00:00,74.50934461805915,37.48069818475816,3.22525518481135
2023-01-15 02:00:00,63.15989102262783,25.137985553237513,4.526639074497521
2023-01-15 03:00:00,86.59550796189872,36.7311053661115,4.796429328526523
2023-01-15 04:00:00,80.6850939931601,27.662534131710732,5.549856867296391
2023-01-15 05:00:00,65.46614196148613,25.68753350137633,5.000899926671107
2023-01-15 06:00:00,63.12162388971318,33.11259570152499,3.4577118492003214
2023-01-15 07:00:00,57.8592259690588,26.844040291265713,5.862148056884267
2023-01-15 08:00:00,65.59077367707408,32.842294594621386,4.881413376449908
2023-01-15 09:00:00,67.19644504815491,28.335941175738952,5.488370590429658
2023-01-15 10:00:00,66.35306455608314,32.402122480588936,5.965936118459701
2023-01-15 11:00:00,71.56703855272364,25.159069680464476,6.422604748969035
2023-01-15 12:00:00,75.78521497728879,34.156755289923844,6.961226989365016
2023-01-15 13:00:00,73.49654456993174,32.439863413315024,4.927761241328332
2023-01-15 14:00:00,62.35856076093557,25.401746549686692,5.311124446093654
2023-01-15 15:00:00,55.62208526198422,43.21467860507371,3.92163890918322
2023-01-15 16:00:00,83.64531848102472,32.70061513200247,6.061600170035261
2023-01-15 17:00:00,63.105508154500626,41.452335352652696,3.8151125554282306
2023-01-15 18:00:00,63.47706400064981,38.001339093743795,3.1947483113695787
2023-01-15 19:00:00,64.78810687698889,29.05582609891108,5.830386005340392
2023-01-15 20:00:00,51.56930449843351,27.938641226977285,4.478303475052185
2023-01-15 21:00:00,65.22025995959514,27.982704082895992,5.777607281342241
2023-01-15 22:00:00,65.20344185992053,20.84985724786095,5.408074649346169
2023-01-15 23:00:00,76.20358298343513,26.520824403252263,3.369997348976291
2023-01-16 00:00:00,76.98457149107335,31.233830119899853,2.2803206356773855
2023-01-16 01:00:00,70.03770889086269,37.62978780442404,3.903398252907281
2023-01-16 02:00:00,79.31848374114304,26.13614058510899,5.016491486980865
2023-01-16 03:00:00,73.39964983801262,34.410282996815056,3.7782236653052284
2023-01-16 04:00:00,69.84317888397445,23.737033292483403,4.347238550651287
2023-01-16 05:00:00,71.60928168298223,27.068399873944337,3.5410592694026746
2023-01-16 06:00:00,68.093465064186,27.71179702855237,5.169877959796924
2023-01-16 07:00:00,66.0515048596655,31.859055407487467,5.090825927036326
2023-01-16 08:00:00,67.32266463106033,32.28654823360406,4.518607375952366
2023-01-16 09:00:00,58.71988668529993,34.81170872407173,6.397065301313742
2023-01-16 10:00:00,72.80441705316296,33.85418480202468,6.497715027319563
2023-01-16 11:00:00,60.06876389070419,31.21584107701246,5.565267202536451
2023-01-16 12:00:00,78.41631264073636,31.95182471754311,3.2002288185332555
2023-01-16 13:00:00,67.50541419839051,37.942653455487665,3.895309852794391
2023-01-16 14:00:00,70.4949498165009,27.445369093838686,5.407130331083248
2023-01-16 15:00:00,74.93836776280956,33.87364159533581,4.37144241975541
2023-01-16 16:00:00,76.43314465062927,20.959280367508743,4.512908568288177
2023-01-16 17:00:00,54.293765913665474,32.05667121448804,5.89896739458806
2023-01-16 18:00:00,67.93096323836028,27.58375228760446,5.5108748218924175
2023-01-16 19:00:00,78.80178912080783,30.01285591215755,6.314154433813949
2023-01-16 20:00:00,53.01894180567746,35.20043122526852,4.570790703353523
2023-01-16 21:00:00,73.87280475395063,30.823219047631987,6.375225420446897
2023-01-16 22:00:00,47.444357705978106,34.425937706044635,4.445868752915514
2023-01-16 23:00:00,59.77493156364396,37.368824075692025,6.499491490138763
2023-01-17 00:00:00,70.38630551840188,31.945469844328603,5.105834643616778
2023-01-17 01:00:00,53.43284897678046,35.85520532310244,4.139490252890392
2023-01-17 02:00:00,60.1448926231585,28.367195111603962,3.368780492346467
2023-01-17 03:00:00,55.281649925364135,29.95895058865193,4.698527685138306
2023-01-17 04:00:00,86.4813493220756,27.38690291800761,4.743767302004561
2023-01-17 05:00:00,71.64227755487335,35.21488797323188,5.857661910122452
2023-01-17 06:00:00,75.67290277852669,32.07045676896797,4.889409497191792
2023-01-17 07:00:00,67.77324899484846,27.463827690525388,4.567568021421556
2023-01-17 08:00:00,66.465682512428,30.77334416823166,6.077037472947536
2023-01-17 09:00:00,53.83525811348967,35.207841944092905,4.775173438729849
2023-01-17 10:00:00,67.08162637252137,29.803660044810233,4.423758183773097
2023-01-17 11:00:00,62.38507788188377,25.255335945751185,5.574608917292573
2023-01-17 12:00:00,78.57923924292336,30.65955877893706,4.510171781152733
2023-01-17 13:00:00,81.41101866657573,20.097172044655302,5.658802141691513
2023-01-17 14:00:00,84.66578715574178,33.84385322199738,4.403082888216805
2023-01-17 15:00:00,78.52551939461232,27.893362063376596,4.77704081702962
2023-01-17 16:00:00,64.01346063077014,27.653446318604466,5.152176975588266
2023-01-17 17:00:00,58.84103014039606,34.37847839389753,4.625873679735694
2023-01-17 18:00:00,77.66663181645086,23.174185613874158,4.986548530642611
2023-01-17 19:00:00,73.56292817472288,39.73549321410179,5.81547196924006
2023-01-17 20:00:00,52.314615493229695,27.59878979130888,5.4106017913200475
2023-01-17 21:00:00,73.5548179274377,27.383745283075523,5.480969850034623
2023-01-17 22:00:00,78.14519822487867,35.106123715835814,4.3645695613807325
2023-01-17 23:00:00,70.5892558918163,33.54347636555213,5.852829768274368
2023-01-18 00:00:00,68.14946328990658,42.25614859537538,5.669562340509082
2023-01-18 01:00:00,61.923515123836445,28.9439700818424,6.004419192261625
2023-01-18 02:00:00,55.53465300436612,29.39796680667795,4.273634167813897
2023-01-18 03:00:00,78.00297949340028,22.603420100183733,4.827541403318543
2023-01-18 04:00:00,66.90885555228292,28.339488613255874,5.6335339024604005
2023-01-18 05:00:00,67.66533338456307,26.39284352214122,4.391184882582869
2023-01-18 06:00:00,87.32721186919133,27.756164934472505,4.773877530236044
2023-01-18 07:00:00,76.8450110685919,21.279061217230222,6.925805737459527
2023-01-18 08:00:00,73.70825001281102,38.30303779947257,6.951761012267814
2023-01-18 09:00:00,71.42061805187235,22.916982587871797,6.23994054982736
2023-01-18 10:00:00,85.19994860765773,15.988986008041435,5.938585136249769
2023-01-18 11:00:00,87.19589307416194,24.057877892084903,3.9807488504948703
2023-01-18 12:00:00,79.29505111479529,26.980802236019244,5.512562231426123
2023-01-18 13:00:00,75.82224591397924,24.25222968371441,4.640883404934115
2023-01-18 14:00:00,49.05396928793856,35.49151770366256,3.9414281023946325
2023-01-18 15:00:00,71.23721914233506,29.310804107019532,4.49099416140868
2023-01-18 16:00:00,68.69893045806296,30.126928022032295,5.115665074046347
2023-01-18 17:00:00,70.93953229385569,33.051958821527066,4.452644425701333
2023-01-18 18:00:00,79.43046087322517,31.43006263489059,4.44920057429316
2023-01-18 19:00:00,42.603228328104436,34.89283648723021,5.792041498422974
2023-01-18 20:00:00,64.30687946529815,24.452612231819273,5.144106485123232
2023-01-18 21:00:00,72.69904354940762,27.262409496602842,5.233458079662318
2023-01-18 22:00:00,65.33154453947238,33.32983573034769,5.111872396896298
2023-01-18 23:00:00,55.830938868737405,17.327227689578848,4.324296856628349
2023-01-19 00:00:00,78.68963486896796,23.124077603413795,3.6294280820393117
2023-01-19 01:00:00,72.76871905846129,32.50496116089973,5.310564710420478
2023-01-19 02:00:00,60.28895429555516,27.598754825025374,4.492963367874556
2023-01-19 03:00:00,73.14817204515823,34.68053775054849,2.989217731414122
2023-01-19 04:00:00,78.21585712049796,34.04590148426581,4.607432742034847
2023-01-19 05:00:00,70.05292646299361,24.00953559904481,3.9077820586593766
2023-01-19 06:00:00,78.00564803430997,32.033285437334406,5.698650234307755
2023-01-19 07:00:00,70.78260175161661,36.008489278337535,5.52162522724034
2023-01-19 08:00:00,66.04771017345645,30.73717200825486,5.496893144838469
2023-01-19 09:00:00,58.40579483600087,25.112675613770655,4.334958381841309
2023-01-19 10:00:00,69.14069233028387,34.39694970956685,5.731551581862154
2023-01-19 11:00:00,71.94292938045771,33.17712263276998,5.319649783134073
2023-01-19 12:00:00,78.75832761587331,32.71305391749398,4.590145461560181
2023-01-19 13:00:00,68.84892531512773,33.57969446718496,4.546662567861483
2023-01-19 14:00:00,74.57415606220991,15.026935698861905,5.8927081528737
2023-01-19 15:00:00,60.353879862662716,34.404687805404855,4.526395943036342
2023-01-19 16:00:00,62.17370844172475,39.04065905289488,5.303656473526278
2023-01-19 17:00:00,68.89610700973113,32.18319237314647,6.033956986812783
2023-01-19 18:00:00,59.45371536014986,30.963644982498636,6.909342625557109
2023-01-19 19:00:00,78.2024783732468,33.4821933669572,6.66387312443773
2023-01-19 20:00:00,74.63130329318606,31.691127368425576,5.90082276420903
2023-01-19 21:00:00,72.79095764392453,33.25890630850308,3.4940886484286127
2023-01-19 22:00:00,73.38904125215944,30.007355001227054,4.310951570582029
2023-01-19 23:00:00,90.21043561484797,26.1664757273155,4.451912812527464
2023-01-20 00:00:00,65.31135812033205,24.978386438926933,6.653149832565321
2023-01-20 01:00:00,47.985587144994426,25.00904135884068,4.300682059027909
2023-01-20 02:00:00,71.99300196896465,23.134787245245523,5.386166377098369
2023-01-20 03:00:00,69.49396459038334,24.661289944904468,5.100867063257311
2023-01-20 04:00:00,64.82480957489597,38.806330637099315,4.064872790562456
2023-01-20 05:00:00,60.2117014064123,33.770478318281214,5.3818240096193835
2023-01-20 06:00:00,65.60810478197853,26.874863046576642,5.398296086197493
2023-01-20 07:00:00,71.81338429217821,28.04803653007246,3.7442251182584982
2023-01-20 08:00:00,64.97183299357462,30.562787654532272,6.22287744705341
2023-01-20 09:00:00,94.12453679543748,26.72227485257821,2.9134899711448123
2023-01-20 10:00:00,60.39495618366852,30.337584285871625,4.409242847090038
2023-01-20 11:00:00,62.06882637292328,33.88802068951456,5.971970293865575
2023-01-20 12:00:00,47.113799599854715,29.82128633225913,3.806742166525961
2023-01-20 13:00:00,72.51484415021537,31.68007871330996,5.35026591956203
2023-01-20 14:00:00,49.835933722002395,34.43245769679808,3.70363961172457
2023-01-20 15:00:00,64.60545366625499,28.63934121990896,4.9069758555557765
2023-01-20 16:00:00,67.24329465439443,31.423952995671815,2.6862268868277996
2023-01-20 17:00:00,62.902720341531115,28.453112035583192,4.157428298286992
2023-01-20 18:00:00,87.3887267745451,29.85735565082792,3.4570785528457098
2023-01-20 19:00:00,79.94394391315498,28.3763486745852,4.598236257873499
2023-01-20 20:00:00,83.19136876301576,27.355650732219424,4.584768604178343
2023-01-20 21:00:00,61.17581181450082,30.86855926493512,4.32633582869086
2023-01-20 22:00:00,81.28594064514569,32.83272657909106,5.797913196566745
2023-01-20 23:00:00,74.96000946343962,30.731522230005222,4.113120396128562
2023-01-21 00:00:00,77.71405948676846,32.49363479155966,5.634386673189051
2023-01-21 01:00:00,80.29438828782767,26.31034109879385,6.629275769958862
2023-01-21 02:00:00,60.91236754040947,23.9813240390011,5.139064150304683
2023-01-21 03:00:00,65.75682379022099,32.08521751483802,4.1423297954246
2023-01-21 04:00:00,78.6259601132845,33.43940695587377,3.7506614851384574
2023-01-21 05:00:00,43.44380907025067,30.249286332999112,4.2902148998805005
2023-01-21 06:00:00,85.13328082573204,36.740178902123596,5.704642720749891
2023-01-21 07:00:00,75.53132064207584,34.5384939899395,5.155590734968897
2023-01-21 08:00:00,69.54296039339765,43.402854203845,5.936795216253989
2023-01-21 09:00:00,72.20507655757173,28.995957430021672,5.770330879327212
2023-01-21 10:00:00,59.70064716691024,25.005756019523158,5.140810651878236
2023-01-21 11:00:00,66.50056635410895,26.299316046302433,5.473488261666462
2023-01-21 12:00:00,81.00284338220374,27.17251096812672,6.855246209420479
2023-01-21 13:00:00,82.98021972326221,32.380156917190575,6.41565622617468
2023-01-21 14:00:00,96.96224052563579,19.209657180193716,4.697253983095747
2023-01-21 15:00:00,69.26075333719585,36.59275509045418,5.98967944193589
2023-01-21 16:00:00,63.414470331949964,28.80351704428828,5.585850805817936
2023-01-21 17:00:00,64.8576603406001,28.766032211056242,6.136388077539739
2023-01-21 18:00:00,59.81958124712635,24.603284169875025,5.6716165720359095
2023-01-21 19:00:00,69.22145244059149,29.428872242749097,4.02583256495701
2023-01-21 20:00:00,73.82732430012268,30.06619883833767,3.3803154346272994
2023-01-21 21:00:00,69.65757719468046,29.390275361998615,5.572627017205086
2023-01-21 22:00:00,80.96346845665798,31.695296279712153,6.902618198369831
2023-01-21 23:00:00,67.65784198655463,27.051839790244852,4.224335892060029
2023-01-22 00:00:00,66.52549347501437,25.520921197945864,4.8119102619503495
2023-01-22 01:00:00,64.18731523139675,32.7416406524899,3.964252273804787
2023-01-22 02:00:00,53.67365473765505,30.493337269078978,6.1778295047056595
2023-01-22 03:00:00,54.32232275691546,30.985905275986838,2.6948331449564793
2023-01-22 04:00:00,58.208420693623125,35.29513627220983,2.7363396989641915
2023-01-22 05:00:00,83.0142807166476,24.887178043696572,5.375019919820153
2023-01-22 06:00:00,78.9526027288993,25.72379771374568,4.917656353208648
2023-01-22 07:00:00,83.7496406639299,36.286098254144974,4.520376984926194
2023-01-22 08:00:00,56.67788345405498,22.585583212129787,4.6989052134765865
2023-01-22 09:00:00,50.3137531021398,23.452939268344927,5.536987914456361
2023-01-22 10:00:00,63.399436798659174,34.08930915592498,4.586196010950335
2023-01-22 11:00:00,71.75818953296027,31.191000960110195,3.9030750282668865
2023-01-22 12:00:00,74.98690274909828,30.52616068529638,4.0726370719270335
2023-01-22 13:00:00,80.47972155968053,29.541702959498085,5.888338861996843
2023-01-22 14:00:00,72.84279670807214,30.156337735137846,4.47525804503778
2023-01-22 15:00:00,87.42668780655632,29.53943942654022,3.6147224162328015
2023-01-22 16:00:00,67.77394319051679,36.77721351297209,5.102178326943971
2023-01-22 17:00:00,60.86920781958204,28.009259356249625,5.504994721780011
2023-01-22 18:00:00,53.18781784505566,29.193132318611106,6.328960747553223
2023-01-22 19:00:00,61.1102864190455,38.97224402612537,5.217903387121669
2023-01-22 20:00:00,72.42117960985124,30.13754851014918,4.34028875279033
2023-01-22 21:00:00,61.11279742646369,41.16008194762589,5.47400786727703
2023-01-22 22:00:00,79.36742463535258,29.475101494905232,5.727174870020437
2023-01-22 23:00:00,84.12327706037443,36.83707491230079,4.961094693336193
2023-01-23 00:00:00,46.30413094773397,21.72327980845161,4.955400607274426
2023-01-23 01:00:00,78.64052300497647,30.768222304078332,5.260132904938768
2023-01-23 02:00:00,47.60395941338263,22.077632184245324,4.9301435017438155
2023-01-23 03:00:00,74.01499055090288,34.22227153302293,5.250113906883126
2023-01-23 04:00:00,82.2487056419366,23.935660918954877,3.9780866755730715
2023-01-23 05:00:00,70.64856106343576,31.418847771916727,3.8495622301814905
2023-01-23 06:00:00,57.2031082679576,28.589020616547824,4.163888620499231
2023-01-23 07:00:00,64.14568795722228,24.208984074079858,5.642210943329426
2023-01-23 08:00:00,67.383545542891,21.90320008551229,5.258797567340609
2023-01-23 09:00:00,68.17755216210057,27.444797682099452,6.040238964249559
2023-01-23 10:00:00,67.97103159233333,38.703147229476656,4.81330907788539
2023-01-23 11:00:00,68.90117220690686,28.53257472555311,3.8563586041581503
2023-01-23 12:00:00,72.13480048910169,34.58610771057928,6.144553535284558
2023-01-23 13:00:00,57.91426346266779,29.71478566168906,4.981232944460107
2023-01-23 14:00:00,67.57980170129781,34.383633868452264,6.283455036266526
2023-01-23 15:00:00,85.18261170355706,20.86544310847741,5.597946491392181
2023-01-23 16:00:00,66.15354576857482,27.984058465752334,7.188618678822837
2023-01-23 17:00:00,65.56163906844802,34.747027618966094,4.780227014286638
2023-01-23 18:00:00,80.78197303714238,29.183725255834105,5.900723905089181
2023-01-23 19:00:00,44.40815333655904,29.567723586444764,5.891364106352944
2023-01-23 20:00:00,81.81378601288286,27.847690440571036,4.44487365450555
2023-01-23 21:00:00,63.68096241994833,35.746896916835624,4.827517682893039
2023-01-23 22:00:00,71.63928572452586,31.48757176977473,3.538261657783277
2023-01-23 23:00:00,70.96321355921197,30.22011138087674,3.4512038629973345
2023-01-24 00:00:00,79.42468119220393,33.21527272669646,5.126568801530775
2023-01-24 01:00:00,67.32405253764652,32.94112464558968,5.793007070697428
2023-01-24 02:00:00,63.219742184355496,31.062935232187684,5.638024033495455
2023-01-24 03:00:00,82.97845790651098,37.73515748495422,5.340024598259653
2023-01-24 04:00:00,46.3582618285882,29.698562331804403,5.863017153151091
2023-01-24 05:00:00,70.20334181705243,31.39040523983972,4.410302204300676
2023-01-24 06:00:00,56.520745773708796,26.78523723323555,4.72746725151224
2023-01-24 07:00:00,62.38426611743441,30.750576135030645,5.737521513413881
2023-01-24 08:00:00,90.11256681463138,37.93880761872684,5.433118729448934
2023-01-24 09:00:00,69.55404573544143,26.783711991056308,4.789811186203238
2023-01-24 10:00:00,71.9506969715138,24.332035871807705,6.320794386127915
2023-01-24 11:00:00,52.184371442944084,34.98379821409908,3.7079987489528725
2023-01-24 12:00:00,62.70955341205304,29.256169238831603,4.481321312711407
2023-01-24 13:00:00,71.96557400728786,30.48002102484885,4.716602225543747
2023-01-24 14:00:00,73.54757693113218,29.774433481533325,5.81653487977377
2023-01-24 15:00:00,76.16886554393278,30.395608619647675,5.002385197915235
2023-01-24 16:00:00,70.08627898917577,34.25265341761719,3.738508253209385
2023-01-24 17:00:00,75.2700420845466,25.804379047003632,5.514004179816063
2023-01-24 18:00:00,74.53781912635684,24.94112957947256,6.087546315466895
2023-01-24 19:00:00,51.70259588995469,30.42484068518854,5.739304533133026
2023-01-24 20:00:00,70.3700572191015,21.967801552750835,5.619154921605489
2023-01-24 21:00:00,77.67902407732704,23.13473231979036,3.125686503258932
2023-01-24 22:00:00,75.8987982073452,39.333415741658136,4.100113523256516
2023-01-24 23:00:00,66.3614119002921,33.78734165030702,5.482080608672201
2023-01-25 00:00:00,61.94373492460632,29.949717640654928,4.945111815245611
2023-01-25 01:00:00,58.816880756783675,36.1900346797922,5.522557601998812
2023-01-25 02:00:00,68.68945988458587,24.797003849574274,3.733657323037046
2023-01-25 03:00:00,81.33079879559722,28.421984383070708,4.938505235715114
2023-01-25 04:00:00,50.48195898518398,33.11726804712191,3.6102189811037935
2023-01-25 05:00:00,63.40108270270502,34.453358407156976,3.046321437380594
2023-01-25 06:00:00,58.60197544573226,32.564584234138884,5.295779088506888
2023-01-25 07:00:00,77.849575212405,17.293805961558878,5.8425887964569805
2023-01-25 08:00:00,64.456903734287,25.15958941167711,5.245616427901775
2023-01-25 09:00:00,65.29362341845209,32.385340461784324,4.967003519735334
2023-01-25 10:00:00,67.8305043006335,28.22024253476597,3.4379856581707338
2023-01-25 11:00:00,74.45393250894797,42.70115810379586,6.006107067097547
2023-01-25 12:00:00,66.07611001850363,34.63279150483548,4.955955102624059
2023-01-25 13:00:00,39.53856945200073,32.79040940309333,6.959562005205768
2023-01-25 14:00:00,75.43311891387519,24.415252231266383,5.942314308276966
2023-01-25 15:00:00,74.39042957672042,29.82351630198542,2.9948745733478517
2023-01-25 16:00:00,67.80458971668787,31.206019821094763,5.755049680255888
2023-01-25 17:00:00,59.159633793280655,35.638918150639014,3.6034647624268428
2023-01-25 18:00:00,73.51780110681358,34.40565548549816,4.240504509570936
2023-01-25 19:00:00,73.79235533535586,35.164945972599725,4.749243323239851
2023-01-25 20:00:00,65.29967117299125,25.38043992094999,4.905937549637397
2023-01-25 21:00:00,67.83268529424461,37.060758491493154,5.397565215617466
2023-01-25 22:00:00,60.698434974756786,23.097846238463653,3.977144959195786
2023-01-25 23:00:00,68.21410907912671,27.32042719166919,3.849307995743353
2023-01-26 00:00:00,54.49570654916519,32.153855674728206,5.600605201733076
2023-01-26 01:00:00,74.17318821031836,29.250542041334302,4.986749732065974
2023-01-26 02:00:00,60.556315091757064,24.96981571039804,5.174373048701526
2023-01-26 03:00:00,72.38103147832312,25.892250871984338,2.80631664830534
2023-01-26 04:00:00,55.940370837321005,22.258728385754786,4.822862616684676
2023-01-26 05:00:00,64.0994235413046,32.659873195035956,4.109270816938504
2023-01-26 06:00:00,68.89510594934072,36.30284422521075,4.079373626983131
2023-01-26 07:00:00,53.39300188130737,29.49803248299317,5.921934804224578
2023-01-26 08:00:00,71.15147873140093,27.998255924932884,3.9043287710274877
2023-01-26 09:00:00,66.20852437120077,22.638385357667552,3.90710339367397
2023-01-26 10:00:00,52.57643802190769,34.56600962126089,4.6689893965982545
2023-01-26 11:00:00,56.967572458876845,41.05652166619747,5.450288830647344
2023-01-26 12:00:00,76.05120084082166,21.01272097816551,4.1159852702519135
2023-01-26 13:00:00,78.95555985551324,24.682835309226967,6.234144035780061
2023-01-26 14:00:00,68.68091360220033,26.60203478727928,6.449847525361219
2023-01-26 15:00:00,74.04761812040498,27.178410451587556,4.118552933531536
2023-01-26 16:00:00,72.2384356331291,31.136729750717404,4.754918244423145
2023-01-26 17:00:00,73.29622982127738,38.07124773640113,4.221324527342387
2023-01-26 18:00:00,82.85984007080293,35.042986434300516,3.314617895128773
2023-01-26 19:00:00,54.930016017857284,32.63798691387158,5.303011050456157
2023-01-26 20:00:00,76.76460732361623,26.38035647970699,5.733594868229369
2023-01-26 21:00:00,66.1799104442218,24.40185883159773,7.0118642631265615
2023-01-26 22:00:00,67.7574106574836,26.016123468468496,4.102590496368663
2023-01-26 23:00:00,66.9775026954493,37.74033400689369,6.336235090812621
2023-01-27 00:00:00,66.24852883338716,29.691283492710493,6.342353691257953
2023-01-27 01:00:00,57.73803808216981,27.765818731686895,5.197853309567153
2023-01-27 02:00:00,71.83339199257601,29.081221348750038,5.602163489576064
2023-01-27 03:00:00,86.70943032788857,34.12309109819234,5.873273048300703
2023-01-27 04:00:00,69.43866979551242,23.43575162725104,6.9740999482419
2023-01-27 05:00:00,69.98614957264904,37.074370679612116,5.477808562616469
2023-01-27 06:00:00,63.12700962843336,30.782381284731496,4.939862114496314
2023-01-27 07:00:00,68.82525453581889,28.91828010852137,4.133831200992528
2023-01-27 08:00:00,74.6616642603403,32.2142305687337,5.305320755012498
2023-01-27 09:00:00,66.29757559295658,31.091985365649684,6.02416493277307
2023-01-27 10:00:00,65.46195958947999,28.279017717663095,5.244610361329472
2023-01-27 11:00:00,74.03264540163246,28.736446639791968,4.220076751074997
2023-01-27 12:00:00,60.81995230180954,25.655687265670238,5.089076202496563
2023-01-27 13:00:00,72.52496627076873,33.28195375429651,4.870846517539886
2023-01-27 14:00:00,78.20321797261421,27.34003095294419,5.264738757755707
2023-01-27 15:00:00,83.59948541679485,25.218707887838587,3.33815163278175
2023-01-27 16:00:00,69.09617992723054,30.829317613267687,5.550788614102731
2023-01-27 17:00:00,83.67597239806713,36.645706413727765,5.595423156763723
2023-01-27 18:00:00,80.34409886481518,29.7582768811009,5.444853438186509
2023-01-27 19:00:00,60.03787359628934,26.95949371524155,4.996237182854976
2023-01-27 20:00:00,57.82061488406849,32.01948010417987,3.1940637373965783
2023-01-27 21:00:00,66.9503636214558,39.68356231201276,4.9806772080287365
2023-01-27 22:00:00,80.28935492594854,22.740472352841262,6.06071499934217
2023-01-27 23:00:00,69.27712992439996,31.91101393892647,4.139871123707539
2023-01-28 00:00:00,63.99342442342211,31.025433126159268,3.010730533838716
2023-01-28 01:00:00,85.5224318004856,35.80766901779559,3.459442028129306
2023-01-28 02:00:00,72.86904488003347,34.954545868424226,5.3140256918206035
2023-01-28 03:00:00,46.794057242092585,29.066454440951105,5.372876008852438
2023-01-28 04:00:00,73.17160626292689,21.577413722875583,5.886293194621468
2023-01-28 05:00:00,75.20040614570868,34.032818839481294,4.944741004270347
2023-01-28 06:00:00,72.25608654471104,25.824036549042585,3.4996716240214294
2023-01-28 07:00:00,74.49712100231993,25.266297945214053,4.181495859406324
2023-01-28 08:00:00,69.32724391077018,35.741752903455634,5.8188393725993475
2023-01-28 09:00:00,56.81604130355266,25.445748111806736,5.140495907439476
2023-01-28 10:00:00,66.29295996779547,37.01422370050122,5.649829634679978
2023-01-28 11:00:00,60.543842044437085,31.679223607026564,5.434788805461039
2023-01-28 12:00:00,60.67259089205622,31.595592000431413,4.795039448269704
2023-01-28 13:00:00,57.36931650897725,31.536323902527954,4.825993162491966
2023-01-28 14:00:00,74.52489092639647,21.807881871291038,6.85710226975586
2023-01-28 15:00:00,70.97896145412628,21.118056918267122,5.414674266609221
2023-01-28 16:00:00,65.51834637319291,31.077765268943423,4.871412449683639
2023-01-28 17:00:00,63.50662072269612,32.8400367961321,5.455419990936809
2023-01-28 18:00:00,69.76576894978548,30.413055160781006,5.222905819624273
2023-01-28 19:00:00,80.79194728112489,25.89232741490236,2.842643626505539
2023-01-28 20:00:00,49.957842845010845,30.094610519410974,5.650084514372314
2023-01-28 21:00:00,73.76876520850892,29.589829234272578,6.8209392740896755
2023-01-28 22:00:00,64.54288025982217,25.21420950862295,4.219720131609936
2023-01-28 23:00:00,51.15414155020552,35.06986077056081,6.454035748839167
2023-01-29 00:00:00,50.542969168360415,21.34861969224957,4.743130302668083
2023-01-29 01:00:00,60.872165058647084,32.94371203403753,5.293471397649823
2023-01-29 02:00:00,72.19509555793046,31.921617026056225,6.070360016973174
2023-01-29 03:00:00,73.93062933980092,35.04855927405857,4.279998568709191
2023-01-29 04:00:00,60.610184273222146,24.973440638255706,6.242493912818471
2023-01-29 05:00:00,80.17020991413244,30.507035733341056,3.785782718640661
2023-01-29 06:00:00,84.22983496516106,40.85582474659083,4.124845251086084
2023-01-29 07:00:00,73.96086584956561,33.31037144499853,4.406479682652474
2023-01-29 08:00:00,64.08597332191889,30.502906043644817,5.662005366451902
2023-01-29 09:00:00,81.24419184510369,32.695806370570985,4.659125589430529
2023-01-29 10:00:00,77.55395695663339,30.4308842119006,3.480025540414132
2023-01-29 11:00:00,78.67407411354918,40.9544900661992,4.783467128150171
2023-01-29 12:00:00,63.43536325028469,34.9181809789459,4.215778617465616
2023-01-29 13:00:00,41.65445494725297,29.571925228847515,5.731293620840368
2023-01-29 14:00:00,91.16791021483675,31.261657156922606,4.6567649455448965
2023-01-29 15:00:00,53.89121596550066,28.04601001959493,5.070774075900651
2023-01-29 16:00:00,69.64231928139779,36.049250632051525,4.594527542859328
2023-01-29 17:00:00,93.8074535121975,22.969476143044947,5.433938968230289
2023-01-29 18:00:00,73.30576756274374,21.976307350695066,4.816409236529446
2023-01-29 19:00:00,79.49246473558236,37.29357374837997,5.325198714687065
2023-01-29 20:00:00,54.976034306182875,40.76559896285291,2.4066114352582897
2023-01-29 21:00:00,52.223330452662935,32.341524538447956,5.097250876977786
2023-01-29 22:00:00,64.67297208020446,30.563689706178685,5.413913670110233
2023-01-29 23:00:00,80.907497344345,33.28633845152389,4.800719945085408
2023-01-30 00:00:00,66.5375055235269,26.764732368086204,5.669392471392541
2023-01-30 01:00:00,62.053636789285015,30.856217725761063,5.738607028992821
2023-01-30 02:00:00,71.97967289944967,30.194543529281074,6.304213891849503
2023-01-30 03:00:00,80.81935218477265,33.1328212537268,5.104811608072282
2023-01-30 04:00:00,55.55059800926628,22.21000735908302,3.086199295330019
2023-01-30 05:00:00,57.89457005876648,27.464826151173312,2.714500551210355
2023-01-30 06:00:00,62.11330745490634,34.22497801500418,3.3981590479254824
2023-01-30 07:00:00,80.94638374712092,26.622030861849684,4.962092938815863
2023-01-30 08:00:00,72.34821525948732,25.033193122884324,4.842694711719434
2023-01-30 09:00:00,91.32153410570444,40.21036074913477,5.276239852019974
2023-01-30 10:00:00,79.36445725831116,30.190590000897,4.374754077442827
2023-01-30 11:00:00,69.6490482313033,27.10540930028396,4.263508828494252
2023-01-30 12:00:00,82.65077838088766,21.538147812629457,5.555047942410434
2023-01-30 13:00:00,72.11497012731878,33.64673173140213,5.655924411372502
2023-01-30 14:00:00,62.95078647492555,33.495680768593466,4.743349864519519
2023-01-30 15:00:00,76.79974844245102,28.50620199715032,4.961523341761047
2023-01-30 16:00:00,63.036733461389176,24.488849045464548,5.404314343328991
2023-01-30 17:00:00,67.09602899196133,29.877252881788106,5.504343575162995
2023-01-30 18:00:00,83.27782695957983,25.82071966259189,3.8560193004012597
2023-01-30 19:00:00,68.987185137826,25.28953205563442,4.28042614408205
2023-01-30 20:00:00,61.968586126583716,29.483936242691463,3.7694539543546135
2023-01-30 21:00:00,65.35662308564508,24.743048006699677,4.493093385163169
2023-01-30 22:00:00,80.21790585588673,31.233244776262232,5.812333589341831
2023-01-30 23:00:00,64.47459326583271,33.03996254703198,5.546271866943766
2023-01-31 00:00:00,66.13129153149353,25.801837764134042,3.9019020396374415
2023-01-31 01:00:00,64.89707260366372,23.158774523308047,5.512266726825982
2023-01-31 02:00:00,71.8392549434031,37.80639799477903,5.085843105342452
2023-01-31 03:00:00,66.14510239624391,25.298648820213977,4.506073292914079
2023-01-31 04:00:00,53.98163951027463,26.700286474488312,3.5935403448963688
2023-01-31 05:00:00,61.128190581549596,31.065085837149436,4.825176628382233
2023-01-31 06:00:00,60.67210958493562,32.996846862611484,5.679944006115956
2023-01-31 07:00:00,82.43319384455155,28.718415531551788,2.8369023516038743
2023-01-31 08:00:00,78.12674042109043,32.303971638506276,4.603876802248551
2023-01-31 09:00:00,75.87259379399826,27.995069210517997,7.254283698804962
2023-01-31 10:00:00,64.9464168273559,25.144146675878048,5.672636718568094
2023-01-31 11:00:00,61.84208458006029,37.131584303935135,5.259832495003476
2023-01-31 12:00:00,64.92482398342644,42.44220807165564,4.262814830429086
2023-01-31 13:00:00,59.48119897448326,38.47984766507085,4.32167016212603
2023-01-31 14:00:00,94.97200391587008,30.709033195767272,4.916711604300037
2023-01-31 15:00:00,47.546783516285984,39.16717680907839,6.602863629377136
2023-01-31 16:00:00,75.64008535073809,31.778517578619923,5.465589190894931
2023-01-31 17:00:00,57.15447702007473,27.613568647983854,4.127841602229178
2023-01-31 18:00:00,68.95656508505307,32.331897871909895,6.176786962383864
2023-01-31 19:00:00,60.119980575062655,29.528037467944074,4.707405792841909
2023-01-31 20:00:00,58.223710375173695,25.08440908127146,6.697346481013949
2023-01-31 21:00:00,58.598036990650385,25.50839014283992,4.433396975362296
2023-01-31 22:00:00,87.54986153742058,34.01025869370258,3.9967342430961112
2023-01-31 23:00:00,68.67011577690408,20.767340091676637,5.17462957781357
2023-02-01 00:00:00,62.342978055219135,33.02068370221342,5.982326983800298
2023-02-01 01:00:00,75.55786964082873,21.852081986257808,6.03744479673091
2023-02-01 02:00:00,70.103493145663,19.39411777548782,5.159191766668812
2023-02-01 03:00:00,77.20033759341652,20.80576698120751,4.0119033120313885
2023-02-01 04:00:00,51.757433440621696,39.833819859673696,4.494659278102115
2023-02-01 05:00:00,73.03603904462001,29.01883017528229,2.9817181316457835
2023-02-01 06:00:00,77.72694837102382,30.432915900827094,4.08687846243118
2023-02-01 07:00:00,53.384017088854364,37.096275229554756,4.821543185102737
2023-02-01 08:00:00,74.48195284423312,34.67089874249862,5.38900214065348
2023-02-01 09:00:00,86.96181572828161,23.042473652978902,4.660545678535221
2023-02-01 10:00:00,69.85142296645297,34.34503171409381,4.94302094502226
2023-02-01 11:00:00,78.21405937024811,30.92090632351773,4.6038145552501835
2023-02-01 12:00:00,76.7057045031091,28.291609512020596,5.7510253041897705
2023-02-01 13:00:00,62.92494302489423,30.1214545706889,4.100887061573461
2023-02-01 14:00:00,70.39766734586495,36.39906010314011,5.8375479141463265
2023-02-01 15:00:00,54.33005289138397,25.570167589795236,6.960880812513911
2023-02-01 16:00:00,65.48696962897473,32.004428395520605,5.472789656021931
2023-02-01 17:00:00,72.65687974966237,29.95171381733546,4.4729083897759585
2023-02-01 18:00:00,77.23100493737797,21.014176923021907,4.463729855913215
2023-02-01 19:00:00,70.24612125247911,25.988734141345944,6.209837222184097
2023-02-01 20:00:00,77.19983730143166,30.966067766168482,3.8734105741280027
2023-02-01 21:00:00,58.970937870446306,36.48671044546445,4.046195579727436
2023-02-01 22:00:00,68.98302725445129,35.006655086733645,3.8355515461295355
2023-02-01 23:00:00,70.19279384513077,32.98606252201712,3.721486159479314
2023-02-02 00:00:00,88.49591246679637,25.923621694317706,3.9551836806201432
2023-02-02 01:00:00,67.85833343799916,39.00606995404267,5.789904941785493
2023-02-02 02:00:00,65.00983362005817,31.07620233819806,6.102282564588024
2023-02-02 03:00:00,70.21351223843548,24.968172391607247,4.302926927639817
2023-02-02 04:00:00,60.80886555130056,29.085475095715246,5.20733404604569
2023-02-02 05:00:00,71.92753849065217,34.4812421267808,5.759156675108234
2023-02-02 06:00:00,66.34944783453743,30.03808749159079,5.1005642030971625
2023-02-02 07:00:00,52.08672451958816,34.43432343291381,4.045057242382761
2023-02-02 08:00:00,69.41413448866139,35.51846978731075,3.5295982648619186
2023-02-02 09:00:00,66.82456906069801,32.00265342299353,6.010427553125509
2023-02-02 10:00:00,53.675766979320166,25.71148688476553,5.496179412288381
2023-02-02 11:00:00,69.32865845385479,30.677273315949904,5.576955893398654
2023-02-02 12:00:00,84.89355962074481,30.225829279694153,3.89235309909897
2023-02-02 13:00:00,75.21303748275713,39.29673166925814,5.234977192889052
2023-02-02 14:00:00,76.11927192731157,21.86839031086585,5.628999587456821
2023-02-02 15:00:00,56.585032744169574,29.32588774452823,5.314033843647145
2023-02-02 16:00:00,74.76898368922222,27.079532266025403,4.254976783192311
2023-02-02 17:00:00,71.48449581380078,31.675528100979996,6.012260510065335
2023-02-02 18:00:00,75.29045238334432,17.812178204003217,3.472368051821226
2023-02-02 19:00:00,74.22628621708826,35.5746227974514,5.928741924806942
2023-02-02 20:00:00,56.402192744961866,30.068742436677667,6.0810559440870735
2023-02-02 21:00:00,69.58599188442032,20.776494181859768,6.572330317535225
2023-02-02 22:00:00,62.42129139574834,28.19443432630067,4.657507809749557
2023-02-02 23:00:00,69.49915905715179,33.04481170827262,4.00056998343848
2023-02-03 00:00:00,61.0259907309817,22.042760622709842,5.79388036230838
2023-02-03 01:00:00,83.12470367140996,30.01611108221578,4.300784720913025
2023-02-03 02:00:00,61.41027611555658,24.712631760992352,5.043995511443989
2023-02-03 03:00:00,61.01057843534464,27.220074840605164,4.682537782839928
2023-02-03 04:00:00,70.74586406543554,30.133691913373184,4.0979280285869155
2023-02-03 05:00:00,59.22900930596005,30.917251267907883,5.320999466184892
2023-02-03 06:00:00,65.75336697567134,27.646287509086363,3.6079840834419645
2023-02-03 07:00:00,61.70035402462038,31.36398194765132,5.59220568164404
2023-02-03 08:00:00,84.11172063889612,34.089888036274026,4.033068911543266
2023-02-03 09:00:00,77.85803826831173,28.6054286244838,3.2682686535320737
2023-02-03 10:00:00,69.42530481534605,37.157838787246455,4.9498925412097075
2023-02-03 11:00:00,66.08782947825983,37.311070853902095,5.431633852811223
2023-02-03 12:00:00,79.40917614575113,27.856489672070857,5.576934597053224
2023-02-03 13:00:00,74.05204080322888,26.81079721763208,5.818353730827162
2023-02-03 14:00:00,74.98052404682856,21.67913507416913,2.6463596003095864
2023-02-03 15:00:00,69.7380776265575,29.36715334180305,3.9948555690433283
2023-02-03 16:00:00,53.11769972228568,28.182811099419744,5.106652294503032
2023-02-03 17:00:00,68.87534017440447,33.89525610066496,6.519003279936145
2023-02-03 18:00:00,64.67510080790932,22.451691969658505,5.783744493674728
2023-02-03 19:00:00,76.45055273459877,28.61304304128445,6.901340051848113
2023-02-03 20:00:00,80.11842432994189,34.84372196555573,4.475060577086001
2023-02-03 21:00:00,63.42048955238831,26.3482145222102,5.274416995282008
2023-02-03 22:00:00,74.68385234277052,26.188192316361953,3.9000291924306927
2023-02-03 23:00:00,87.35878997685714,22.765298326220957,4.595647780376
2023-02-04 00:00:00,63.32287279429441,43.102869230091194,4.264704281717027
2023-02-04 01:00:00,86.81921740073138,26.2626341096731,4.366011340683278
2023-02-04 02:00:00,61.47414152829353,23.498265838908303,4.606550878814336
2023-02-04 03:00:00,70.22959755607951,25.9807479798424,5.002717539890681
2023-02-04 04:00:00,69.88854388158158,26.128524597565978,5.022212664516484
2023-02-04 05:00:00,70.11498899870062,28.6530511077438,5.543453439582725
2023-02-04 06:00:00,61.62321958092055,34.12686116043757,5.13998846738686
2023-02-04 07:00:00,64.0881689623557,28.50838415502083,4.655954371150375
2023-02-04 08:00:00,63.32279713640601,25.385883425015862,4.477421458468053
2023-02-04 09:00:00,73.26962595404457,22.743307509044875,4.692868279841316
2023-02-04 10:00:00,73.30035114510312,30.109286791099358,4.550962858553034
2023-02-04 11:00:00,92.25944331738259,30.212695370148953,5.49097105518198
2023-02-04 12:00:00,83.70989006291121,37.654661755144126,5.865525190671263
2023-02-04 13:00:00,64.90156757861521,30.462238677349042,6.274044537947084
2023-02-04 14:00:00,73.24869615796186,29.504958443579614,4.202297240059583
2023-02-04 15:00:00,79.9711798079176,24.746730817062552,5.46937222533875
2023-02-04 16:00:00,70.30601824338518,28.47023712450804,3.605320358407324
2023-02-04 17:00:00,69.30358421553065,27.80762770982697,5.373174718252578
2023-02-04 18:00:00,70.51574942769889,28.14917917743149,6.082672282091065
2023-02-04 19:00:00,78.67276628808428,25.203723036797058,4.850410498333005
2023-02-04 20:00:00,61.51679477194767,32.69164801638088,6.072636047258873
2023-02-04 21:00:00,66.74330531179825,29.287772912453153,3.8614321296845233
2023-02-04 22:00:00,74.70433144846481,28.99823259997506,4.111354716908363
2023-02-04 23:00:00,73.11447071554156,21.42976941975502,4.8641901573563135
2023-02-05 00:00:00,72.39582759856391,32.46822043762432,6.022210354585824
2023-02-05 01:00:00,66.30198833696197,32.4350766299019,4.5825705436580115
2023-02-05 02:00:00,79.72535789142538,25.80435298578893,4.546446899091225
2023-02-05 03:00:00,91.33868247204538,34.950606919395966,4.008371641621979
2023-02-05 04:00:00,74.06415493676207,23.176208849587837,5.202881044442622
2023-02-05 05:00:00,68.0682329845016,29.8906504560546,6.246695140894436
2023-02-05 06:00:00,77.55740288894543,28.64396330054918,5.7006801090936925
2023-02-05 07:00:00,64.6086736324701,23.41412605597103,5.696650654336265
2023-02-05 08:00:00,62.50309655297103,30.94851306039998,4.793025525076336
2023-02-05 09:00:00,70.32808747613711,38.51285076120895,4.436690640736085
2023-02-05 10:00:00,44.17203367030055,30.3381711503346,5.67724591641637
2023-02-05 11:00:00,58.460496363479905,27.684891229454745,4.968088924365859
2023-02-05 12:00:00,66.52038144079154,32.23512078442839,4.8263917642806184
2023-02-05 13:00:00,56.466111418522864,30.528599977335773,5.898240622403615
2023-02-05 14:00:00,59.6735689810787,30.138810658127507,4.80221254832727
2023-02-05 15:00:00,65.63251662541992,27.87228893614276,4.162223740614794
2023-02-05 16:00:00,53.570347064693905,37.10987779646232,5.909188495330966
2023-02-05 17:00:00,65.93928203740168,32.28181681740393,5.080719890433866
2023-02-05 18:00:00,64.64729835467156,27.356646705322557,3.962970656151308
2023-02-05 19:00:00,70.25405208385015,29.45998081609521,3.8870941051283836
2023-02-05 20:00:00,81.5418403049402,26.295666478979637,5.0954118758268665
2023-02-05 21:00:00,71.72504416492866,26.958544249592524,7.337409661478276
2023-02-05 22:00:00,70.21062021342064,26.796371379049006,4.607179396453792
2023-02-05 23:00:00,70.99454457030711,24.328442031388864,4.663726140914422
2023-02-06 00:00:00,72.27392775121129,33.88638481883978,6.523771197617053
2023-02-06 01:00:00,59.83261351390231,28.54479268363487,4.942718800209485
2023-02-06 02:00:00,68.85224675229202,32.77063789163385,3.5515331367520115
2023-02-06 03:00:00,73.08751241836613,26.649370511363518,3.4272035474518265
2023-02-06 04:00:00,56.292400174569394,29.698187528038307,6.22666397378748
2023-02-06 05:00:00,78.65652922815853,26.444797016044443,5.666354542250189
2023-02-06 06:00:00,80.8137603445819,33.59834085268666,5.826125708431193
2023-02-06 07:00:00,63.68624011550611,28.757903466474808,4.9422434416212875
2023-02-06 08:00:00,67.58662208546896,26.34563207024307,4.273287974017203
2023-02-06 09:00:00,61.21809657189927,21.79148385595108,4.782836884275833
2023-02-06 10:00:00,76.99380483587817,31.378332746703872,5.136031217374377
2023-02-06 11:00:00,59.38777712554091,26.458074738309463,4.161688844301299
2023-02-06 12:00:00,67.7752298975708,29.921103914395022,5.5614499095511265
2023-02-06 13:00:00,61.41080092192328,27.541349459932363,3.7404038312002785
2023-02-06 14:00:00,70.5095427701129,34.77094790449382,4.667241235424776
2023-02-06 15:00:00,52.05770728510279,32.72072376179004,4.795992127523497
2023-02-06 16:00:00,83.26461642365693,32.236060437274155,4.308980186824631
2023-02-06 17:00:00,60.353935757937364,26.919394383382603,2.794494644980178
2023-02-06 18:00:00,70.59894683116276,32.33145021775095,5.447869664111253
2023-02-06 19:00:00,67.87476955229691,38.574158043380216,4.244249239559733
2023-02-06 20:00:00,62.378854880775016,25.839069829249688,6.3257079593243715
2023-02-06 21:00:00,61.12219863364065,30.861695696145944,4.658017722315948
2023-02-06 22:00:00,79.3639854355246,21.75391512791434,4.45864041156878
2023-02-06 23:00:00,64.7435940689806,36.99281046062768,5.091521946778877
2023-02-07 00:00:00,72.7117018463731,28.010439507045792,6.053439748630448
2023-02-07 01:00:00,61.98503114605625,33.91289440420989,4.43659233688183
2023-02-07 02:00:00,63.528185681522395,21.383858746418383,6.014737694829777
2023-02-07 03:00:00,74.72247150087848,38.98769693562952,6.440303641017623
2023-02-07 04:00:00,79.30408496111116,28.215642359872007,5.990322810655946
2023-02-07 05:00:00,68.2468359767298,32.728286617350136,6.626431490992257
2023-02-07 06:00:00,55.78080128359563,30.75409103166297,6.292646021012469
2023-02-07 07:00:00,89.97956079750004,28.722646069061152,6.514882293893006
2023-02-07 08:00:00,61.434506917657906,38.428961513296514,6.604326319415641
2023-02-07 09:00:00,54.58412600328212,21.7597689681691,5.208069529629964
2023-02-07 10:00:00,95.94424587768152,31.493568299960046,4.570776100427802
2023-02-07 11:00:00,65.95967706149062,34.55322836114985,2.737756364756194
2023-02-07 12:00:00,55.38267311738592,29.850719391818167,3.6772668804782045
2023-02-07 13:00:00,63.16560233211318,29.40914607816704,4.551717200841204
2023-02-07 14:00:00,73.6754489602227,29.286561439632674,4.618264912759434
2023-02-07 15:00:00,71.9031155759394,23.861817897947958,4.847205536597913
2023-02-07 16:00:00,61.4827080274641,30.190636920474674,3.99923950975125
2023-02-07 17:00:00,88.22723600127959,32.563587617361996,3.404222388558686
2023-02-07 18:00:00,64.78420322006627,30.342996137403304,4.869776833533273
2023-02-07 19:00:00,58.15313409588448,28.638619494274597,4.810582071188209
2023-02-07 20:00:00,79.6069339846066,27.551374888134866,4.192445958450134
2023-02-07 21:00:00,83.29062846539682,28.60351665360814,4.257847838349615
2023-02-07 22:00:00,61.825069023837735,36.28872108748019,4.059843408127593
2023-02-07 23:00:00,55.98652706960689,19.566825102897287,4.603476260983682
2023-02-08 00:00:00,80.30438267415605,30.200357282738878,4.143697173004749
2023-02-08 01:00:00,49.52676386942038,28.361225413517918,6.259875331517016
2023-02-08 02:00:00,57.733783406033844,37.279039759184215,5.240996732045121
2023-02-08 03:00:00,79.67446150050235,30.277461127219013,4.027682081973483
2023-02-08 04:00:00,69.4464745197761,37.42462799349977,4.719552218532546
2023-02-08 05:00:00,67.36062651407312,19.380549909772206,3.8197143936488094
2023-02-08 06:00:00,73.52816606494379,32.297924524170284,6.012168295174788
2023-02-08 07:00:00,68.4722557645459,31.4002893001884,6.38418672458082
2023-02-08 08:00:00,57.0131327783691,36.95266983536969,6.252001982753031
2023-02-08 09:00:00,82.76075346006188,21.793256955884853,3.855307368757402
2023-02-08 10:00:00,83.25014052886816,29.224820959408373,4.908732980273824
2023-02-08 11:00:00,72.0533256377796,30.330301308932462,4.598429324487084
2023-02-08 12:00:00,70.4513401543201,27.521022527273953,5.562013105914182
2023-02-08 13:00:00,93.39624806020058,36.0828885687147,3.992090196716102
2023-02-08 14:00:00,67.23567154984163,28.30658907277301,4.324108305998983
2023-02-08 15:00:00,67.4042301816596,40.17381272010577,4.586782971648192
2023-02-08 16:00:00,73.64481249240505,35.27088954469461,5.153288469132423
2023-02-08 17:00:00,84.71321956142339,34.754168485019,5.694128708137886
2023-02-08 18:00:00,85.92770754417484,32.79649490695442,4.671272307263393
2023-02-08 19:00:00,67.41427368323228,24.68152204487226,5.663965075526222
2023-02-08 20:00:00,73.08331245959346,27.844518312446215,5.822076356797138
2023-02-08 21:00:00,56.21916532935923,32.86375683428608,4.786784763128179
2023-02-08 22:00:00,66.88023892083787,33.38778516793859,3.754341867134403
2023-02-08 23:00:00,61.59709604520694,36.53591922540629,3.82880966456586
2023-02-09 00:00:00,59.93168247701016,27.662794951870467,5.591726975151568
2023-02-09 01:00:00,86.81576716267327,25.699233075376682,4.523775563685331
2023-02-09 02:00:00,62.07713338193855,34.29552096392765,3.287370677317545
2023-02-09 03:00:00,64.68394091988546,25.951867119799438,5.6129523681830005
2023-02-09 04:00:00,73.65848787916858,34.36655918035206,5.129554520546219
2023-02-09 05:00:00,82.97825266973585,35.99868088207519,3.594032918857372
2023-02-09 06:00:00,74.81115126388835,32.28076517913528,6.179419981202646
2023-02-09 07:00:00,97.59355114021582,28.21210484015701,5.83663598715775
2023-02-09 08:00:00,69.25332021748851,30.205411130719398,5.138745251290179
2023-02-09 09:00:00,72.58716440229746,32.96732959801619,3.725680632265583
2023-02-09 10:00:00,72.75600673984056,30.050927593560367,3.597669467114717
2023-02-09 11:00:00,84.35049386789154,40.99148169335246,4.692931513158563
2023-02-09 12:00:00,75.07238951109615,25.046645346864253,3.2860846104497106
2023-02-09 13:00:00,68.83770299612851,24.986657063151046,5.405080273184486
2023-02-09 14:00:00,60.52511405093121,25.115523066323373,3.5891766866196635
2023-02-09 15:00:00,72.44443455961633,27.05210038727392,5.164912729254699
2023-02-09 16:00:00,84.01344831291959,19.105342399025453,4.711868547273274
2023-02-09 17:00:00,65.89618206342129,26.851747865299092,5.711785268097044
2023-02-09 18:00:00,75.28943618416582,26.733576490360555,4.062052404738512
2023-02-09 19:00:00,72.46147788684844,30.392570125870883,5.2737294495247244
2023-02-09 20:00:00,78.63519658381314,32.08900291603041,3.6051598071653563
2023-02-09 21:00:00,61.952462593621306,23.79891831796115,5.795549551769407
2023-02-09 22:00:00,93.46647030526562,34.50027121382036,4.885038233722505
2023-02-09 23:00:00,57.208388929717415,39.01121114895274,5.4958506689654305
2023-02-10 00:00:00,66.34448910013963,28.95857448452502,3.679474653171968
2023-02-10 01:00:00,79.38092540905646,37.87185618737786,5.499084275671766
2023-02-10 02:00:00,72.96733172494113,30.994947472025938,5.306203396303708
2023-02-10 03:00:00,78.29986159081103,39.94365959297696,5.363697892713363
2023-02-10 04:00:00,65.03897666017437,35.58641732844095,5.312633963013986
2023-02-10 05:00:00,69.25195017319659,22.18047682580117,4.806536117209652
2023-02-10 06:00:00,70.12231983638817,30.093136853306778,6.241299220315991
2023-02-10 07:00:00,85.69259614535905,35.27162487452039,4.844102014234297
2023-02-10 08:00:00,76.90429024383049,30.152732905203084,4.260830799609171
2023-02-10 09:00:00,77.96672108364672,29.815582345774665,4.941273806631061
2023-02-10 10:00:00,63.420739074632046,36.348823751571516,4.04948205455547
2023-02-10 11:00:00,79.6888263856305,26.45072908926948,4.536003576669156
2023-02-10 12:00:00,72.25581663568803,30.087578066391092,4.822753383810601
2023-02-10 13:00:00,83.89145315677928,31.618128823045595,4.62044587935414
2023-02-10 14:00:00,90.14060154918468,28.33104519823218,5.1993970728054855
2023-02-10 15:00:00,66.93234223972995,29.899354480612313,6.945761391306327
2023-02-10 16:00:00,65.93696869554938,33.87511631612085,5.57094983984612
2023-02-10 17:00:00,61.359550088976306,32.16418810749997,6.072300647288092
2023-02-10 18:00:00,68.56420488283679,25.956412340102332,4.4962905626317635
2023-02-10 19:00:00,66.17974551049616,24.47938007100369,4.412983711494851
2023-02-10 20:00:00,73.5950439957101,26.05448909871675,4.62182195310701
2023-02-10 21:00:00,68.55433183066265,30.006242278942434,5.852889097268878
2023-02-10 22:00:00,66.3840071921838,29.200301061214788,2.8518815217691023
2023-02-10 23:00:00,80.64585136127852,25.840212533914375,3.9668352247086327
2023-02-11 00:00:00,60.62119768848548,27.00924773741757,5.10233584683422
2023-02-11 01:00:00,74.33107953151344,22.39980357403968,4.775907632937071
2023-02-11 02:00:00,65.94058272811516,32.089268516086634,6.967729682143046
2023-02-11 03:00:00,77.24368504869965,29.799906373241836,5.447683215742656
2023-02-11 04:00:00,83.85261546722231,23.70106328297365,4.337808556469519
2023-02-11 05:00:00,66.96901746575928,30.143102520938914,3.422392931460653
2023-02-11 06:00:00,74.41032907273151,36.71311005255177,4.659439965062138
2023-02-11 07:00:00,71.7879286573318,26.300320735173703,3.696779917321585
2023-02-11 08:00:00,62.005776004569036,36.57568832860486,5.466750650418435
2023-02-11 09:00:00,72.40787509741938,28.38271263758288,5.161106322241679
2023-02-11 10:00:00,72.89120505278812,30.989140839249337,5.320031932092731
2023-02-11 11:00:00,74.12870820446174,30.488754012110928,7.079176664795037
2023-02-11 12:00:00,68.01601103179954,37.00761708002623,4.092534018579702
2023-02-11 13:00:00,70.94192300310146,30.79216923392766,4.8075957922040935
2023-02-11 14:00:00,58.52389055156865,24.290492903980766,3.787484255511091
2023-02-11 15:00:00,66.41885924520143,23.445148147793937,4.9194014838498745
